{
  "scan_type": "SQL Injection Test",
  "target": "http://localhost:8088",
  "total_vulnerabilities": 2,
  "vulnerabilities": [
    {
      "type": "SQL Injection",
      "url": "http://localhost:8088/vulnerabilities/sqli/?id=1&Submit=Submit",
      "parameter": "id",
      "payload": "'",
      "method": "GET",
      "evidence": "SQL error in response",
      "severity": "High",
      "response_time": "0.00s"
    },
    {
      "type": "SQL Injection",
      "url": "http://localhost:8088/vulnerabilities/sqli/",
      "parameter": "id (POST)",
      "payload": "'",
      "method": "POST",
      "evidence": "SQL error in DVWA response",
      "severity": "High",
      "response_time": "N/A"
    }
  ],
  "payloads_tested": 23,
  "timestamp": "2026-01-20 19:56:07"
}