{
  "summary": {
    "target_url": "http://localhost:8088",
    "pages_crawled": 17,
    "forms_found": 12,
    "inputs_found": 30,
    "injection_points": 13,
    "scan_date": "2026-01-20 19:53:35"
  },
  "input_types": {
    "submit": 13,
    "hidden": 3,
    "text": 8,
    "password": 5,
    "file": 1
  },
  "injection_points": [
    {
      "page": "http://localhost:8088/vulnerabilities/brute/",
      "field_name": "username",
      "field_type": "text",
      "form_action": "#"
    },
    {
      "page": "http://localhost:8088/vulnerabilities/brute/",
      "field_name": "password",
      "field_type": "password",
      "form_action": "#"
    },
    {
      "page": "http://localhost:8088/vulnerabilities/exec/",
      "field_name": "ip",
      "field_type": "text",
      "form_action": "#"
    },
    {
      "page": "http://localhost:8088/vulnerabilities/csrf/",
      "field_name": "password_new",
      "field_type": "password",
      "form_action": "#"
    },
    {
      "page": "http://localhost:8088/vulnerabilities/csrf/",
      "field_name": "password_conf",
      "field_type": "password",
      "form_action": "#"
    },
    {
      "page": "http://localhost:8088/vulnerabilities/captcha/",
      "field_name": "password_new",
      "field_type": "password",
      "form_action": "#"
    },
    {
      "page": "http://localhost:8088/vulnerabilities/captcha/",
      "field_name": "password_conf",
      "field_type": "password",
      "form_action": "#"
    },
    {
      "page": "http://localhost:8088/vulnerabilities/sqli/",
      "field_name": "id",
      "field_type": "text",
      "form_action": "#"
    },
    {
      "page": "http://localhost:8088/vulnerabilities/sqli_blind/",
      "field_name": "id",
      "field_type": "text",
      "form_action": "#"
    },
    {
      "page": "http://localhost:8088/vulnerabilities/xss_d/",
      "field_name": "default",
      "field_type": "text",
      "form_action": ""
    },
    {
      "page": "http://localhost:8088/vulnerabilities/xss_r/",
      "field_name": "name",
      "field_type": "text",
      "form_action": "#"
    },
    {
      "page": "http://localhost:8088/vulnerabilities/xss_s/",
      "field_name": "txtName",
      "field_type": "text",
      "form_action": ""
    },
    {
      "page": "http://localhost:8088/vulnerabilities/xss_s/",
      "field_name": "mtxMessage",
      "field_type": "text",
      "form_action": ""
    }
  ],
  "pages": [
    "http://localhost:8088/",
    "http://localhost:8088/vulnerabilities/brute/",
    "http://localhost:8088/instructions.php",
    "http://localhost:8088/vulnerabilities/csrf/",
    "http://localhost:8088/vulnerabilities/sqli/",
    "http://localhost:8088/vulnerabilities/sqli_blind/",
    "http://localhost:8088/vulnerabilities/fi/?page=include.php",
    "http://localhost:8088/vulnerabilities/exec/",
    "http://localhost:8088/vulnerabilities/captcha/",
    "http://localhost:8088/vulnerabilities/weak_id/",
    "http://localhost:8088/vulnerabilities/fi/",
    "http://localhost:8088/setup.php",
    "http://localhost:8088/vulnerabilities/xss_d/",
    "http://localhost:8088/vulnerabilities/upload/",
    "http://localhost:8088",
    "http://localhost:8088/vulnerabilities/xss_s/",
    "http://localhost:8088/vulnerabilities/xss_r/"
  ],
  "forms": [
    {
      "page_url": "http://localhost:8088/setup.php",
      "action": "http://localhost:8088/setup.php",
      "method": "POST",
      "inputs": [
        {
          "tag": "input",
          "type": "submit",
          "name": "create_db",
          "id": "",
          "value": "Create / Reset Database",
          "placeholder": ""
        },
        {
          "tag": "input",
          "type": "hidden",
          "name": "user_token",
          "id": "",
          "value": "72eb862238d588f11e8082961dafd909",
          "placeholder": ""
        }
      ]
    },
    {
      "page_url": "http://localhost:8088/vulnerabilities/brute/",
      "action": "http://localhost:8088/vulnerabilities/brute/",
      "method": "GET",
      "inputs": [
        {
          "tag": "input",
          "type": "text",
          "name": "username",
          "id": "",
          "value": "",
          "placeholder": ""
        },
        {
          "tag": "input",
          "type": "password",
          "name": "password",
          "id": "",
          "value": "",
          "placeholder": ""
        },
        {
          "tag": "input",
          "type": "submit",
          "name": "Login",
          "id": "",
          "value": "Login",
          "placeholder": ""
        }
      ]
    },
    {
      "page_url": "http://localhost:8088/vulnerabilities/exec/",
      "action": "http://localhost:8088/vulnerabilities/exec/",
      "method": "POST",
      "inputs": [
        {
          "tag": "input",
          "type": "text",
          "name": "ip",
          "id": "",
          "value": "",
          "placeholder": ""
        },
        {
          "tag": "input",
          "type": "submit",
          "name": "Submit",
          "id": "",
          "value": "Submit",
          "placeholder": ""
        }
      ]
    },
    {
      "page_url": "http://localhost:8088/vulnerabilities/csrf/",
      "action": "http://localhost:8088/vulnerabilities/csrf/",
      "method": "GET",
      "inputs": [
        {
          "tag": "input",
          "type": "password",
          "name": "password_new",
          "id": "",
          "value": "",
          "placeholder": ""
        },
        {
          "tag": "input",
          "type": "password",
          "name": "password_conf",
          "id": "",
          "value": "",
          "placeholder": ""
        },
        {
          "tag": "input",
          "type": "submit",
          "name": "Change",
          "id": "",
          "value": "Change",
          "placeholder": ""
        }
      ]
    },
    {
      "page_url": "http://localhost:8088/vulnerabilities/upload/",
      "action": "http://localhost:8088/vulnerabilities/upload/",
      "method": "POST",
      "inputs": [
        {
          "tag": "input",
          "type": "hidden",
          "name": "MAX_FILE_SIZE",
          "id": "",
          "value": "100000",
          "placeholder": ""
        },
        {
          "tag": "input",
          "type": "file",
          "name": "uploaded",
          "id": "",
          "value": "",
          "placeholder": ""
        },
        {
          "tag": "input",
          "type": "submit",
          "name": "Upload",
          "id": "",
          "value": "Upload",
          "placeholder": ""
        }
      ]
    },
    {
      "page_url": "http://localhost:8088/vulnerabilities/captcha/",
      "action": "http://localhost:8088/vulnerabilities/captcha/",
      "method": "POST",
      "inputs": [
        {
          "tag": "input",
          "type": "hidden",
          "name": "step",
          "id": "",
          "value": "1",
          "placeholder": ""
        },
        {
          "tag": "input",
          "type": "password",
          "name": "password_new",
          "id": "",
          "value": "",
          "placeholder": ""
        },
        {
          "tag": "input",
          "type": "password",
          "name": "password_conf",
          "id": "",
          "value": "",
          "placeholder": ""
        },
        {
          "tag": "input",
          "type": "submit",
          "name": "Change",
          "id": "",
          "value": "Change",
          "placeholder": ""
        }
      ]
    },
    {
      "page_url": "http://localhost:8088/vulnerabilities/sqli/",
      "action": "http://localhost:8088/vulnerabilities/sqli/",
      "method": "GET",
      "inputs": [
        {
          "tag": "input",
          "type": "text",
          "name": "id",
          "id": "",
          "value": "",
          "placeholder": ""
        },
        {
          "tag": "input",
          "type": "submit",
          "name": "Submit",
          "id": "",
          "value": "Submit",
          "placeholder": ""
        }
      ]
    },
    {
      "page_url": "http://localhost:8088/vulnerabilities/sqli_blind/",
      "action": "http://localhost:8088/vulnerabilities/sqli_blind/",
      "method": "GET",
      "inputs": [
        {
          "tag": "input",
          "type": "text",
          "name": "id",
          "id": "",
          "value": "",
          "placeholder": ""
        },
        {
          "tag": "input",
          "type": "submit",
          "name": "Submit",
          "id": "",
          "value": "Submit",
          "placeholder": ""
        }
      ]
    },
    {
      "page_url": "http://localhost:8088/vulnerabilities/weak_id/",
      "action": "http://localhost:8088/vulnerabilities/weak_id/",
      "method": "POST",
      "inputs": [
        {
          "tag": "input",
          "type": "submit",
          "name": "",
          "id": "",
          "value": "Generate",
          "placeholder": ""
        }
      ]
    },
    {
      "page_url": "http://localhost:8088/vulnerabilities/xss_d/",
      "action": "http://localhost:8088/vulnerabilities/xss_d/",
      "method": "GET",
      "inputs": [
        {
          "tag": "select",
          "type": "text",
          "name": "default",
          "id": "",
          "value": "",
          "placeholder": ""
        },
        {
          "tag": "input",
          "type": "submit",
          "name": "",
          "id": "",
          "value": "Select",
          "placeholder": ""
        }
      ]
    },
    {
      "page_url": "http://localhost:8088/vulnerabilities/xss_r/",
      "action": "http://localhost:8088/vulnerabilities/xss_r/",
      "method": "GET",
      "inputs": [
        {
          "tag": "input",
          "type": "text",
          "name": "name",
          "id": "",
          "value": "",
          "placeholder": ""
        },
        {
          "tag": "input",
          "type": "submit",
          "name": "",
          "id": "",
          "value": "Submit",
          "placeholder": ""
        }
      ]
    },
    {
      "page_url": "http://localhost:8088/vulnerabilities/xss_s/",
      "action": "http://localhost:8088/vulnerabilities/xss_s/",
      "method": "POST",
      "inputs": [
        {
          "tag": "input",
          "type": "text",
          "name": "txtName",
          "id": "",
          "value": "",
          "placeholder": ""
        },
        {
          "tag": "textarea",
          "type": "text",
          "name": "mtxMessage",
          "id": "",
          "value": "",
          "placeholder": ""
        },
        {
          "tag": "input",
          "type": "submit",
          "name": "btnSign",
          "id": "",
          "value": "Sign Guestbook",
          "placeholder": ""
        },
        {
          "tag": "input",
          "type": "submit",
          "name": "btnClear",
          "id": "",
          "value": "Clear Guestbook",
          "placeholder": ""
        }
      ]
    }
  ]
}